Date,VCB,BID,CTG,TCB,MBB
2023-01-02,90421.0,47312.0,33516.0,43470.0,23936.0
2023-01-03,89150.0,47978.0,32407.0,43117.0,23951.0
2023-01-04,90127.0,48486.0,31503.0,43482.0,24280.0
2023-01-05,91358.0,48846.0,31625.0,42611.0,23703.0
2023-01-06,88932.0,49847.0,31252.0,43147.0,23357.0
2023-01-09,87361.0,50371.0,31967.0,43920.0,23481.0
2023-01-10,87552.0,50987.0,31806.0,44048.0,23448.0
2023-01-11,87200.0,51524.0,30786.0,41578.0,23700.0
2023-01-12,87215.0,51822.0,30138.0,40601.0,23191.0
2023-01-13,86214.0,50379.0,28771.0,42103.0,23350.0
2023-01-16,87317.0,50461.0,28665.0,41689.0,23823.0
2023-01-17,88308.0,50029.0,28582.0,40167.0,24042.0
2023-01-18,88425.0,49030.0,28385.0,41141.0,24112.0
2023-01-19,89867.0,50382.0,28919.0,41172.0,24080.0
2023-01-20,90494.0,51811.0,29523.0,42067.0,23730.0
2023-01-23,89447.0,52966.0,29447.0,42310.0,23709.0
2023-01-24,89946.0,53199.0,28406.0,42702.0,24262.0
2023-01-25,88782.0,54377.0,28714.0,43019.0,24220.0
2023-01-26,89917.0,54404.0,28995.0,43614.0,23845.0
2023-01-27,89890.0,54597.0,29157.0,45566.0,23644.0
2023-01-30,89694.0,53666.0,29656.0,46437.0,23739.0
2023-01-31,88878.0,54025.0,29083.0,45086.0,23590.0
2023-02-01,90449.0,54093.0,30103.0,45493.0,23806.0
2023-02-02,90289.0,52993.0,29625.0,46514.0,24041.0
2023-02-03,89785.0,52966.0,30013.0,47613.0,24438.0
2023-02-06,89380.0,52914.0,29173.0,47252.0,25083.0
2023-02-07,90084.0,54474.0,28724.0,48334.0,25546.0
2023-02-08,90583.0,55276.0,29483.0,49218.0,25131.0
2023-02-09,91144.0,55303.0,29362.0,51709.0,24735.0
2023-02-10,91732.0,55540.0,29793.0,51003.0,24711.0
2023-02-13,94562.0,55596.0,29922.0,50539.0,24521.0
2023-02-14,94063.0,55432.0,29878.0,50271.0,24033.0
2023-02-15,93428.0,54497.0,30588.0,49830.0,23853.0
2023-02-16,92407.0,54382.0,30474.0,49019.0,23659.0
2023-02-17,93244.0,53752.0,29574.0,46536.0,23384.0
2023-02-20,94768.0,52703.0,29182.0,46176.0,23261.0
2023-02-21,94655.0,53152.0,29465.0,46524.0,23769.0
2023-02-22,93585.0,53502.0,29673.0,46113.0,23864.0
2023-02-23,92548.0,52010.0,28902.0,47865.0,24960.0
2023-02-24,93432.0,51923.0,28556.0,47901.0,25047.0
2023-02-27,94447.0,52773.0,28284.0,49115.0,24926.0
2023-02-28,95206.0,53691.0,28117.0,49384.0,24938.0
2023-03-01,94361.0,54596.0,27475.0,50191.0,25063.0
2023-03-02,94706.0,54647.0,27192.0,50483.0,25271.0
2023-03-03,94899.0,53929.0,26865.0,51839.0,26244.0
2023-03-06,95228.0,53018.0,27228.0,51920.0,25858.0
2023-03-07,96436.0,53327.0,27613.0,52438.0,26271.0
2023-03-08,96777.0,53668.0,27553.0,52831.0,26380.0
2023-03-09,97740.0,54801.0,27378.0,52568.0,25655.0
2023-03-10,97872.0,55791.0,27452.0,53001.0,26024.0
2023-03-13,98308.0,55689.0,27081.0,55327.0,26635.0
2023-03-14,99220.0,54608.0,26566.0,55071.0,26237.0
2023-03-15,97256.0,54346.0,26153.0,55539.0,26244.0
2023-03-16,96860.0,54552.0,25880.0,56911.0,25451.0
2023-03-17,96263.0,54392.0,25381.0,58187.0,24891.0
2023-03-20,95444.0,53908.0,25458.0,58229.0,25375.0
2023-03-21,95115.0,54142.0,25784.0,55678.0,25173.0
2023-03-22,97165.0,53724.0,25105.0,56256.0,24686.0
2023-03-23,96033.0,53203.0,25123.0,53960.0,24798.0
2023-03-24,97383.0,53484.0,25037.0,55516.0,24576.0
2023-03-27,95153.0,53157.0,25191.0,55723.0,24378.0
2023-03-28,94746.0,53381.0,25193.0,56820.0,24714.0
2023-03-29,95000.0,53631.0,24585.0,55882.0,24213.0
2023-03-30,95821.0,52678.0,24070.0,54285.0,23831.0
2023-03-31,96819.0,52290.0,24090.0,54582.0,23906.0
2023-04-03,97940.0,53523.0,24522.0,54574.0,24337.0
2023-04-04,97502.0,52553.0,23623.0,54094.0,24895.0
2023-04-05,96911.0,50818.0,23769.0,54208.0,24609.0
2023-04-06,98122.0,49341.0,24262.0,57163.0,25038.0
2023-04-07,97898.0,49379.0,24207.0,58106.0,24697.0
2023-04-10,96204.0,49418.0,24441.0,59306.0,25532.0
2023-04-11,94727.0,49340.0,24158.0,60295.0,25027.0
2023-04-12,93553.0,50323.0,24116.0,62045.0,25642.0
2023-04-13,94244.0,48231.0,23468.0,61852.0,25351.0
2023-04-14,94470.0,48552.0,22558.0,59513.0,26297.0
2023-04-17,95426.0,49795.0,22929.0,59330.0,26589.0
2023-04-18,94895.0,48919.0,22555.0,60282.0,26118.0
2023-04-19,95144.0,48638.0,22388.0,59211.0,25884.0
2023-04-20,96019.0,48070.0,21873.0,59043.0,26261.0
2023-04-21,95643.0,47401.0,21361.0,58301.0,26774.0
2023-04-24,96295.0,47168.0,21305.0,60019.0,26751.0
2023-04-25,95445.0,48272.0,21048.0,60910.0,26783.0
2023-04-26,94999.0,49727.0,21191.0,61700.0,27162.0
2023-04-27,94530.0,49476.0,21361.0,62464.0,27237.0
2023-04-28,92998.0,51022.0,21484.0,62451.0,26621.0
2023-05-01,93672.0,51067.0,21578.0,62717.0,26245.0
2023-05-02,93095.0,52536.0,22171.0,61351.0,26367.0
2023-05-03,93149.0,52473.0,21779.0,58884.0,26961.0
2023-05-04,93815.0,52599.0,21765.0,59082.0,27768.0
2023-05-05,94441.0,52923.0,22195.0,59476.0,28171.0
2023-05-08,95363.0,55701.0,22684.0,60889.0,28329.0
2023-05-09,95270.0,56482.0,22149.0,62766.0,28725.0
2023-05-10,94745.0,55863.0,22038.0,64699.0,28393.0
2023-05-11,94677.0,56753.0,22560.0,63515.0,28326.0
2023-05-12,92504.0,56443.0,22762.0,63123.0,27920.0
2023-05-15,90685.0,56019.0,22845.0,63734.0,27311.0
2023-05-16,89057.0,56856.0,22767.0,66908.0,27486.0
2023-05-17,87857.0,56902.0,22626.0,68851.0,27589.0
2023-05-18,88386.0,57173.0,22744.0,70366.0,27944.0
2023-05-19,87307.0,57203.0,22653.0,69884.0,28231.0
2023-05-22,86881.0,57529.0,22644.0,68756.0,28366.0
2023-05-23,88511.0,57939.0,22681.0,69829.0,28663.0
2023-05-24,88106.0,56188.0,22427.0,68418.0,28653.0
2023-05-25,89056.0,56807.0,22638.0,68143.0,28878.0
2023-05-26,87935.0,55938.0,23795.0,68029.0,28514.0
2023-05-29,87717.0,54679.0,23094.0,70154.0,28716.0
2023-05-30,86593.0,54644.0,23228.0,69718.0,29076.0
2023-05-31,86217.0,54734.0,22937.0,66594.0,28739.0
2023-06-01,87273.0,54146.0,23170.0,67268.0,28777.0
2023-06-02,85221.0,54887.0,23195.0,66414.0,28467.0
2023-06-05,85776.0,53737.0,23505.0,66501.0,28210.0
2023-06-06,86096.0,53405.0,23986.0,66425.0,27656.0
2023-06-07,85417.0,52923.0,24072.0,66113.0,28304.0
2023-06-08,83739.0,52900.0,24547.0,67147.0,28864.0
2023-06-09,83857.0,53152.0,23595.0,65253.0,29156.0
2023-06-12,83271.0,52317.0,24249.0,64647.0,30222.0
2023-06-13,83576.0,52943.0,24412.0,65525.0,30131.0
2023-06-14,83635.0,53012.0,24871.0,64798.0,31834.0
2023-06-15,85566.0,51447.0,24368.0,62878.0,31716.0
2023-06-16,85314.0,49875.0,24033.0,63714.0,31875.0
2023-06-19,84134.0,49880.0,24100.0,65121.0,31660.0
2023-06-20,84379.0,49719.0,24100.0,65098.0,31886.0
2023-06-21,84673.0,49652.0,24224.0,62748.0,32382.0
2023-06-22,86334.0,49644.0,24682.0,63628.0,32329.0
2023-06-23,87384.0,49839.0,23959.0,61683.0,33393.0
2023-06-26,87857.0,50615.0,24367.0,62077.0,33550.0
2023-06-27,89711.0,49738.0,24377.0,61070.0,33728.0
2023-06-28,88266.0,48829.0,24300.0,59768.0,33193.0
2023-06-29,87514.0,47997.0,23707.0,59298.0,33458.0
2023-06-30,86421.0,48234.0,23918.0,59122.0,33391.0
2023-07-03,85985.0,49219.0,22963.0,58432.0,33040.0
2023-07-04,84377.0,48895.0,23225.0,59118.0,32595.0
2023-07-05,85165.0,46990.0,22650.0,58649.0,34214.0
2023-07-06,84934.0,45740.0,22677.0,59781.0,34066.0
2023-07-07,83236.0,45148.0,22638.0,60132.0,33197.0
2023-07-10,82094.0,44761.0,23100.0,59370.0,32796.0
2023-07-11,82488.0,44482.0,23036.0,58430.0,32779.0
2023-07-12,83495.0,44523.0,22773.0,56658.0,33116.0
2023-07-13,85897.0,44315.0,22585.0,57000.0,33462.0
2023-07-14,89509.0,45079.0,23086.0,56645.0,33885.0
2023-07-17,90066.0,44607.0,23304.0,54176.0,33508.0
2023-07-18,88862.0,44009.0,23159.0,53654.0,33727.0
2023-07-19,86283.0,44361.0,23073.0,52770.0,33213.0
2023-07-20,86642.0,43297.0,22473.0,54401.0,32857.0
2023-07-21,85696.0,43581.0,22628.0,52695.0,32332.0
2023-07-24,85233.0,43666.0,21968.0,51297.0,31661.0
2023-07-25,84540.0,43576.0,22257.0,52417.0,32286.0
2023-07-26,84407.0,44711.0,22313.0,53813.0,32701.0
2023-07-27,85710.0,44281.0,23244.0,53083.0,33295.0
2023-07-28,85933.0,45779.0,22820.0,52475.0,33332.0
2023-07-31,85777.0,45628.0,22787.0,53120.0,33815.0
2023-08-01,84576.0,44719.0,23501.0,50848.0,32772.0
2023-08-02,82649.0,44782.0,23989.0,49106.0,33299.0
2023-08-03,82121.0,44031.0,23714.0,48869.0,33419.0
2023-08-04,82092.0,43517.0,23812.0,50355.0,33811.0
2023-08-07,84183.0,43808.0,23820.0,49964.0,34057.0
2023-08-08,84371.0,44212.0,23942.0,50085.0,33471.0
2023-08-09,85574.0,43788.0,23666.0,51202.0,32593.0
2023-08-10,85012.0,44498.0,23637.0,53319.0,32191.0
2023-08-11,83646.0,45344.0,23011.0,52765.0,32533.0
2023-08-14,82557.0,46412.0,23070.0,52774.0,32953.0
2023-08-15,81756.0,46820.0,23255.0,54660.0,32164.0
2023-08-16,84262.0,47867.0,23172.0,53129.0,31614.0
2023-08-17,83332.0,46462.0,22551.0,54203.0,31218.0
2023-08-18,84350.0,46240.0,22940.0,53191.0,31030.0
2023-08-21,83324.0,45617.0,23090.0,53322.0,30290.0
2023-08-22,84451.0,45718.0,22813.0,53103.0,29537.0
2023-08-23,84941.0,45315.0,22711.0,52171.0,29115.0
2023-08-24,84789.0,45209.0,22146.0,51231.0,29172.0
2023-08-25,84775.0,46605.0,21770.0,51527.0,28570.0
2023-08-28,84035.0,46492.0,21578.0,52537.0,28522.0
2023-08-29,84595.0,46815.0,22040.0,52434.0,29082.0
2023-08-30,84092.0,46656.0,21808.0,52530.0,28420.0
2023-08-31,82694.0,46726.0,22054.0,53130.0,28326.0
2023-09-01,81260.0,46745.0,21859.0,52184.0,28864.0
2023-09-04,81489.0,47095.0,21958.0,52949.0,28659.0
2023-09-05,83344.0,47996.0,21912.0,53807.0,28376.0
2023-09-06,83565.0,49293.0,22246.0,56564.0,28988.0
2023-09-07,83459.0,49552.0,22052.0,56189.0,28841.0
2023-09-08,83828.0,50037.0,21476.0,55730.0,29432.0
2023-09-11,85408.0,49139.0,20984.0,56578.0,29672.0
2023-09-12,85705.0,49084.0,20801.0,57495.0,29501.0
2023-09-13,85248.0,49843.0,20370.0,56942.0,29769.0
2023-09-14,86613.0,50554.0,20519.0,56535.0,29953.0
2023-09-15,87170.0,50741.0,20363.0,57148.0,30520.0
2023-09-18,89100.0,51481.0,21209.0,56285.0,30233.0
2023-09-19,89364.0,51902.0,20597.0,55875.0,30267.0
2023-09-20,87880.0,52925.0,20675.0,55998.0,30246.0
2023-09-21,86248.0,53186.0,20288.0,57097.0,30644.0
2023-09-22,88300.0,52900.0,20125.0,56473.0,30096.0
2023-09-25,90493.0,53201.0,20180.0,54557.0,30664.0
2023-09-26,90302.0,50779.0,19403.0,52633.0,30935.0
2023-09-27,89854.0,51107.0,19487.0,51414.0,30222.0
2023-09-28,91748.0,48223.0,20134.0,50172.0,30899.0
2023-09-29,90374.0,46926.0,19985.0,50050.0,32180.0
2023-10-02,89284.0,47280.0,20080.0,48957.0,32778.0
2023-10-03,90128.0,47657.0,20439.0,48331.0,33645.0
2023-10-04,89667.0,46793.0,20388.0,47650.0,33710.0
2023-10-05,89697.0,46277.0,20194.0,47276.0,32730.0
2023-10-06,89528.0,47317.0,19433.0,48503.0,31674.0
2023-10-09,89988.0,46966.0,19652.0,49142.0,31832.0
2023-10-10,91815.0,48697.0,19620.0,49181.0,31508.0
2023-10-11,91969.0,48710.0,19291.0,48777.0,31006.0
2023-10-12,92839.0,49044.0,19339.0,48401.0,30983.0
2023-10-13,90248.0,50344.0,19153.0,48728.0,31341.0
2023-10-16,90222.0,50465.0,18988.0,49296.0,30544.0
2023-10-17,89199.0,49677.0,19190.0,48478.0,30310.0
2023-10-18,87725.0,49605.0,18764.0,48536.0,31158.0
2023-10-19,86688.0,49591.0,19107.0,46721.0,30573.0
2023-10-20,86318.0,48535.0,18664.0,46933.0,31068.0
2023-10-23,87467.0,48351.0,18460.0,47641.0,30810.0
2023-10-24,85892.0,47795.0,19080.0,47412.0,31127.0
2023-10-25,85963.0,48521.0,19455.0,49102.0,31760.0
2023-10-26,85417.0,48563.0,19493.0,48311.0,32200.0
2023-10-27,85060.0,48358.0,19189.0,48535.0,32744.0
2023-10-30,86297.0,48290.0,19023.0,48526.0,32085.0
2023-10-31,86984.0,48478.0,19053.0,48458.0,32748.0
2023-11-01,88664.0,48973.0,19070.0,48377.0,32262.0
2023-11-02,88507.0,48210.0,19047.0,48500.0,32426.0
2023-11-03,87684.0,47428.0,19042.0,49312.0,32590.0
2023-11-06,87445.0,48288.0,18979.0,50645.0,32889.0
2023-11-07,87777.0,47985.0,18525.0,50668.0,33103.0
2023-11-08,88030.0,46923.0,18368.0,51485.0,32617.0
2023-11-09,86738.0,47272.0,18662.0,50829.0,31846.0
2023-11-10,86883.0,47638.0,18238.0,51600.0,32363.0
2023-11-13,87196.0,46499.0,18185.0,50883.0,32485.0
2023-11-14,90360.0,46685.0,17939.0,51975.0,33177.0
2023-11-15,92803.0,47251.0,17978.0,54231.0,33164.0
2023-11-16,91737.0,47550.0,17865.0,54133.0,32348.0
2023-11-17,91406.0,48047.0,18325.0,51950.0,32929.0
2023-11-20,89588.0,46994.0,18489.0,51438.0,32723.0
2023-11-21,88886.0,47258.0,18087.0,52682.0,32939.0
2023-11-22,89315.0,47043.0,18300.0,53265.0,32570.0
2023-11-23,90872.0,46695.0,18066.0,53545.0,33562.0
2023-11-24,89985.0,47365.0,17895.0,54608.0,33050.0
2023-11-27,89200.0,48514.0,17996.0,55140.0,32863.0
2023-11-28,86593.0,49942.0,17851.0,56459.0,32939.0
2023-11-29,86431.0,51019.0,18130.0,57483.0,32311.0
2023-11-30,85189.0,50944.0,17898.0,59199.0,32517.0
2023-12-01,84594.0,51248.0,17716.0,59634.0,33488.0
2023-12-04,83595.0,51896.0,17525.0,60698.0,33206.0
2023-12-05,83518.0,52013.0,17362.0,60375.0,33457.0
2023-12-06,81521.0,52137.0,17695.0,59719.0,31854.0
2023-12-07,79895.0,52845.0,17891.0,61718.0,31845.0
2023-12-08,82346.0,52810.0,18424.0,62004.0,31678.0
2023-12-11,80907.0,52213.0,19154.0,62991.0,31228.0
2023-12-12,79706.0,51884.0,18827.0,63170.0,31854.0
2023-12-13,81815.0,52429.0,18855.0,62502.0,31680.0
2023-12-14,85245.0,52447.0,18487.0,62546.0,31592.0
2023-12-15,83892.0,52749.0,18250.0,64308.0,31391.0
2023-12-18,83494.0,53333.0,18061.0,65023.0,30338.0
2023-12-19,83928.0,53030.0,17744.0,62974.0,29738.0
2023-12-20,86018.0,53692.0,17435.0,62748.0,30269.0
2023-12-21,84872.0,54035.0,17398.0,64942.0,29153.0
2023-12-22,84615.0,52994.0,17047.0,64711.0,28765.0
2023-12-25,85575.0,54247.0,17298.0,62566.0,28570.0
2023-12-26,86132.0,53830.0,17035.0,64890.0,29493.0
2023-12-27,85714.0,52439.0,17874.0,65769.0,29916.0
2023-12-28,85588.0,51585.0,17742.0,65715.0,29629.0
2023-12-29,83990.0,50764.0,17769.0,65285.0,30345.0
2024-01-01,83743.0,50822.0,17388.0,66675.0,29955.0
2024-01-02,83465.0,50615.0,17905.0,66025.0,30517.0
2024-01-03,83770.0,50358.0,18254.0,67515.0,29791.0
2024-01-04,83155.0,50875.0,18352.0,68248.0,30384.0
2024-01-05,83739.0,51168.0,17942.0,68600.0,30175.0
2024-01-08,84969.0,51443.0,18012.0,68825.0,29633.0
2024-01-09,85188.0,51797.0,17677.0,68631.0,29530.0
2024-01-10,85643.0,52326.0,18127.0,70043.0,29689.0
2024-01-11,85741.0,50605.0,18384.0,68935.0,29438.0
2024-01-12,85775.0,50326.0,18419.0,66877.0,29745.0
2024-01-15,84947.0,48616.0,17677.0,67696.0,29446.0
2024-01-16,85358.0,48658.0,17389.0,68547.0,29789.0
2024-01-17,85276.0,48669.0,17599.0,69210.0,30039.0
2024-01-18,87847.0,49505.0,17971.0,69783.0,30018.0
2024-01-19,89840.0,50470.0,18319.0,69394.0,29792.0
2024-01-22,90363.0,50649.0,17835.0,70475.0,29885.0
2024-01-23,89438.0,50260.0,17932.0,70449.0,30195.0
2024-01-24,88091.0,50667.0,18250.0,69835.0,31349.0
2024-01-25,89608.0,50256.0,17748.0,69457.0,31897.0
2024-01-26,89975.0,50270.0,17751.0,72212.0,32475.0
2024-01-29,90618.0,51085.0,17839.0,69905.0,34345.0
2024-01-30,88467.0,50646.0,17753.0,70608.0,34679.0
2024-01-31,89659.0,51319.0,17208.0,68425.0,34997.0
2024-02-01,90267.0,51893.0,17118.0,68318.0,35458.0
2024-02-02,88910.0,51122.0,17028.0,67792.0,34834.0
2024-02-05,88360.0,51941.0,16991.0,65191.0,34570.0
2024-02-06,88723.0,52540.0,16834.0,65708.0,34270.0
2024-02-07,88824.0,52642.0,16713.0,65267.0,34686.0
2024-02-08,88496.0,52019.0,16706.0,62747.0,34591.0
2024-02-09,88404.0,51324.0,16837.0,63788.0,34691.0
2024-02-12,88127.0,50900.0,16756.0,65584.0,35391.0
2024-02-13,88351.0,51359.0,16644.0,67501.0,35960.0
2024-02-14,90226.0,50595.0,16675.0,67997.0,35870.0
2024-02-15,87077.0,50966.0,16145.0,68090.0,35454.0
2024-02-16,86823.0,49978.0,16281.0,69865.0,36200.0
2024-02-19,87073.0,49830.0,16286.0,72171.0,36723.0
2024-02-20,87469.0,49933.0,16301.0,73779.0,35690.0
2024-02-21,87050.0,51940.0,16575.0,72507.0,35504.0
2024-02-22,84969.0,50823.0,16038.0,72821.0,35624.0
2024-02-23,85394.0,52050.0,15514.0,73469.0,36142.0
2024-02-26,87519.0,52191.0,15591.0,71021.0,36753.0
2024-02-27,85694.0,52551.0,15594.0,71693.0,36956.0
2024-02-28,86772.0,52667.0,15644.0,74895.0,37363.0
2024-02-29,86408.0,53059.0,15526.0,75849.0,37421.0
2024-03-01,86368.0,52944.0,15707.0,78041.0,36984.0
2024-03-04,85139.0,54207.0,15963.0,78352.0,36826.0
2024-03-05,84775.0,53828.0,16099.0,78282.0,36853.0
2024-03-06,86367.0,54829.0,16033.0,78891.0,36845.0
2024-03-07,87109.0,54283.0,15473.0,77716.0,35629.0
2024-03-08,89283.0,54247.0,15682.0,76344.0,35390.0
2024-03-11,90803.0,53340.0,16016.0,78242.0,35440.0
2024-03-12,91400.0,53746.0,16197.0,80349.0,35275.0
2024-03-13,93696.0,55020.0,15961.0,78890.0,35132.0
2024-03-14,94311.0,54968.0,16150.0,80394.0,35456.0
2024-03-15,95449.0,54812.0,16393.0,80302.0,34788.0
2024-03-18,95092.0,53859.0,16838.0,80862.0,33797.0
2024-03-19,95218.0,53678.0,16594.0,81613.0,33600.0
2024-03-20,94331.0,52343.0,16535.0,83212.0,34078.0
2024-03-21,95685.0,51599.0,16752.0,83384.0,35144.0
2024-03-22,94157.0,51802.0,16773.0,85691.0,35656.0
2024-03-25,95232.0,52923.0,16463.0,86240.0,34740.0
2024-03-26,95017.0,55373.0,16584.0,87312.0,34609.0
2024-03-27,96626.0,54872.0,16753.0,85984.0,34783.0
2024-03-28,97686.0,56164.0,16783.0,89628.0,34908.0
2024-03-29,100248.0,56400.0,16851.0,90477.0,35263.0
2024-04-01,101320.0,56281.0,16782.0,91757.0,34699.0
2024-04-02,99154.0,56688.0,17214.0,89040.0,34754.0
2024-04-03,99101.0,56762.0,16958.0,87703.0,35032.0
2024-04-04,97527.0,56879.0,16794.0,89835.0,35571.0
2024-04-05,96860.0,56526.0,16803.0,90372.0,35073.0
2024-04-08,98971.0,55292.0,17061.0,87188.0,34869.0
2024-04-09,99898.0,53959.0,16637.0,88970.0,33226.0
2024-04-10,98965.0,54542.0,16275.0,88099.0,32870.0
2024-04-11,97610.0,54318.0,15726.0,90539.0,32574.0
2024-04-12,97694.0,53818.0,15739.0,90433.0,31994.0
2024-04-15,96082.0,53842.0,15447.0,90831.0,32103.0
2024-04-16,95222.0,54547.0,15351.0,92935.0,32083.0
2024-04-17,95677.0,54721.0,15530.0,91409.0,30817.0
2024-04-18,97276.0,54166.0,15366.0,89746.0,30949.0
2024-04-19,98148.0,55256.0,15431.0,89456.0,30448.0
2024-04-22,95087.0,56687.0,15357.0,90919.0,30728.0
2024-04-23,95531.0,57155.0,15538.0,88693.0,30039.0
2024-04-24,95666.0,58069.0,15669.0,85969.0,30068.0
2024-04-25,96261.0,59253.0,15491.0,87369.0,29927.0
2024-04-26,98503.0,60352.0,15451.0,86417.0,30102.0
2024-04-29,95737.0,60966.0,15732.0,85818.0,30182.0
2024-04-30,94986.0,61571.0,15842.0,82885.0,30056.0
2024-05-01,95813.0,62104.0,15475.0,81863.0,29248.0
2024-05-02,93752.0,61041.0,15653.0,81892.0,28492.0
2024-05-03,95748.0,61748.0,15372.0,83394.0,28205.0
2024-05-06,96281.0,60441.0,15750.0,82222.0,28212.0
2024-05-07,97468.0,59695.0,16032.0,84895.0,27916.0
2024-05-08,96731.0,60972.0,16116.0,83840.0,28243.0
2024-05-09,97879.0,61815.0,16164.0,82800.0,28113.0
2024-05-10,99393.0,63323.0,16111.0,85297.0,27640.0
2024-05-13,99758.0,63067.0,16303.0,85683.0,27513.0
2024-05-14,100126.0,61934.0,16206.0,84832.0,27636.0
2024-05-15,100546.0,61715.0,16275.0,84625.0,27809.0
2024-05-16,99377.0,61834.0,16523.0,86872.0,28777.0
2024-05-17,99212.0,61931.0,16371.0,89370.0,28444.0
2024-05-20,99040.0,63083.0,16206.0,88038.0,28418.0
2024-05-21,99613.0,62738.0,15885.0,88011.0,28648.0
2024-05-22,101058.0,63112.0,15604.0,88206.0,28648.0
2024-05-23,99611.0,62140.0,15131.0,86612.0,28402.0
2024-05-24,99476.0,62608.0,15325.0,86564.0,27632.0
2024-05-27,101602.0,62630.0,15808.0,86616.0,27390.0
2024-05-28,100590.0,61902.0,16201.0,88557.0,26876.0
2024-05-29,99478.0,61687.0,15764.0,90657.0,26064.0
2024-05-30,99800.0,61524.0,15964.0,90137.0,25704.0
2024-05-31,101027.0,61277.0,16360.0,89816.0,25234.0
2024-06-03,101084.0,63057.0,16238.0,91003.0,25511.0
2024-06-04,103024.0,62977.0,16271.0,90041.0,25799.0
2024-06-05,104309.0,62751.0,15730.0,91100.0,25393.0
2024-06-06,105587.0,60698.0,15806.0,90993.0,25284.0
2024-06-07,106452.0,59854.0,15527.0,89377.0,24462.0
2024-06-10,110022.0,59620.0,15585.0,87811.0,24255.0
2024-06-11,109751.0,58987.0,15181.0,90304.0,24440.0
2024-06-12,106758.0,60324.0,15326.0,90081.0,24815.0
2024-06-13,109226.0,60183.0,15600.0,92979.0,24509.0
2024-06-14,108572.0,61455.0,15399.0,92122.0,24987.0
2024-06-17,108780.0,61534.0,15108.0,92680.0,24324.0
2024-06-18,110837.0,61589.0,14569.0,97039.0,23794.0
2024-06-19,108421.0,61520.0,14508.0,95156.0,24109.0
2024-06-20,106581.0,61542.0,14369.0,91832.0,24855.0
2024-06-21,104260.0,63277.0,13999.0,94152.0,25087.0
2024-06-24,103148.0,60990.0,14112.0,92730.0,25079.0
2024-06-25,103827.0,59086.0,14009.0,92740.0,24117.0
2024-06-26,104633.0,58592.0,13759.0,91759.0,23264.0
2024-06-27,105081.0,58623.0,13634.0,92274.0,23328.0
2024-06-28,103064.0,59292.0,13889.0,90668.0,23187.0
2024-07-01,99824.0,59760.0,14036.0,90404.0,22739.0
2024-07-02,99940.0,59412.0,14009.0,91225.0,22775.0
2024-07-03,99322.0,60407.0,14162.0,89539.0,22831.0
2024-07-04,100003.0,61429.0,13889.0,88400.0,23232.0
2024-07-05,101031.0,61629.0,13901.0,87863.0,23299.0
2024-07-08,101267.0,62604.0,13940.0,85552.0,23829.0
2024-07-09,102391.0,62897.0,13833.0,84910.0,23842.0
2024-07-10,102761.0,62353.0,13940.0,85145.0,23802.0
2024-07-11,103568.0,63072.0,13760.0,84543.0,24272.0
2024-07-12,102593.0,63202.0,13884.0,84151.0,23858.0
2024-07-15,102376.0,63223.0,14019.0,84161.0,25108.0
2024-07-16,102699.0,64750.0,13345.0,83160.0,25288.0
2024-07-17,103927.0,62279.0,13622.0,84302.0,25472.0
2024-07-18,103397.0,60900.0,12938.0,86677.0,25725.0
2024-07-19,104196.0,59772.0,12807.0,85958.0,26619.0
2024-07-22,103851.0,59444.0,13036.0,86798.0,27012.0
2024-07-23,103721.0,59220.0,12970.0,86447.0,26254.0
2024-07-24,104975.0,57826.0,12655.0,87092.0,26936.0
2024-07-25,102127.0,56939.0,12425.0,89767.0,26782.0
2024-07-26,100330.0,56177.0,12648.0,90684.0,26845.0
2024-07-29,98309.0,58447.0,12245.0,87724.0,26244.0
2024-07-30,95187.0,60174.0,12486.0,88528.0,26504.0
2024-07-31,94326.0,59797.0,12478.0,90671.0,26206.0
2024-08-01,95359.0,59468.0,12231.0,90335.0,26264.0
2024-08-02,95017.0,58402.0,12114.0,92107.0,26140.0
2024-08-05,95319.0,56663.0,11910.0,90952.0,27073.0
2024-08-06,96822.0,56574.0,12091.0,88465.0,28067.0
2024-08-07,98678.0,55695.0,12246.0,88747.0,28102.0
2024-08-08,98622.0,55636.0,11897.0,85877.0,28146.0
2024-08-09,100549.0,54246.0,11819.0,85530.0,27968.0
2024-08-12,100719.0,53605.0,11650.0,87690.0,28542.0
2024-08-13,99585.0,53748.0,11913.0,84608.0,28385.0
2024-08-14,98799.0,54081.0,11646.0,82617.0,28182.0
2024-08-15,96811.0,54459.0,11971.0,81053.0,28694.0
2024-08-16,95653.0,53337.0,11968.0,80996.0,28429.0
2024-08-19,95213.0,54087.0,11738.0,80476.0,28421.0
2024-08-20,96329.0,53415.0,11607.0,82685.0,27634.0
2024-08-21,98717.0,53975.0,11453.0,84240.0,27998.0
2024-08-22,96864.0,53982.0,11211.0,85079.0,29005.0
2024-08-23,97437.0,52822.0,11232.0,85358.0,29396.0
2024-08-26,96066.0,52571.0,11004.0,86041.0,30192.0
2024-08-27,96745.0,52895.0,10606.0,84685.0,29747.0
2024-08-28,96607.0,53433.0,10541.0,86119.0,29886.0
2024-08-29,94200.0,53328.0,10226.0,84361.0,29395.0
2024-08-30,95470.0,54668.0,10099.0,85753.0,29286.0
2024-09-02,94703.0,55573.0,9947.0,87752.0,29708.0
2024-09-03,94035.0,55362.0,9804.0,88148.0,29774.0
2024-09-04,92674.0,56047.0,10146.0,87897.0,29038.0
2024-09-05,91866.0,57826.0,10159.0,88613.0,28370.0
2024-09-06,92455.0,59686.0,10205.0,83966.0,27685.0
2024-09-09,92247.0,58543.0,9904.0,84491.0,27942.0
2024-09-10,92710.0,57698.0,9798.0,84352.0,29011.0
2024-09-11,93218.0,59103.0,9836.0,84313.0,29743.0
2024-09-12,94995.0,58128.0,9670.0,85495.0,28757.0
2024-09-13,94578.0,56928.0,9823.0,85416.0,29514.0
2024-09-16,92680.0,56504.0,9627.0,83628.0,30027.0
2024-09-17,94113.0,56903.0,9583.0,83445.0,29215.0
2024-09-18,93715.0,56826.0,9491.0,83594.0,29068.0
2024-09-19,95226.0,56255.0,9520.0,83819.0,29659.0
2024-09-20,95777.0,55668.0,9420.0,84119.0,29966.0
2024-09-23,95640.0,55054.0,9380.0,85839.0,29280.0
2024-09-24,96146.0,54301.0,9345.0,84128.0,29615.0
2024-09-25,98848.0,56336.0,9232.0,84452.0,28509.0
2024-09-26,101806.0,56622.0,9311.0,86591.0,28406.0
2024-09-27,101945.0,57449.0,9352.0,83825.0,29006.0
2024-09-30,102215.0,57018.0,9340.0,84154.0,29027.0
2024-10-01,103808.0,56866.0,9275.0,83265.0,28779.0
2024-10-02,102628.0,56237.0,9404.0,82722.0,29255.0
2024-10-03,103148.0,53917.0,9369.0,81352.0,29785.0
2024-10-04,103152.0,52757.0,9323.0,81131.0,30508.0
2024-10-07,103648.0,51266.0,9343.0,84062.0,31004.0
2024-10-08,102487.0,49468.0,9619.0,82107.0,31626.0
2024-10-09,100271.0,48546.0,9405.0,80343.0,32059.0
2024-10-10,97442.0,49601.0,9532.0,78419.0,32225.0
2024-10-11,95968.0,49580.0,9233.0,81076.0,32290.0
2024-10-14,95392.0,50630.0,9270.0,80407.0,32165.0
2024-10-15,95039.0,50979.0,9524.0,80408.0,31484.0
2024-10-16,97691.0,51637.0,9607.0,79835.0,30959.0
2024-10-17,99255.0,50913.0,9637.0,78455.0,30815.0
2024-10-18,97966.0,51357.0,9549.0,78144.0,30961.0
2024-10-21,98484.0,51975.0,9557.0,81921.0,31788.0
2024-10-22,97963.0,51513.0,9519.0,84159.0,31776.0
2024-10-23,97613.0,51992.0,9395.0,82848.0,32369.0
2024-10-24,97906.0,52481.0,9352.0,83915.0,33017.0
2024-10-25,98798.0,52037.0,9386.0,82641.0,32893.0
2024-10-28,98369.0,51126.0,9267.0,79938.0,33260.0
2024-10-29,99885.0,50182.0,9144.0,81543.0,33128.0
2024-10-30,98340.0,50266.0,8938.0,83402.0,33939.0
2024-10-31,98388.0,50545.0,9000.0,85118.0,34343.0
2024-11-01,102073.0,49923.0,9087.0,84404.0,33629.0
2024-11-04,102433.0,49959.0,9125.0,84179.0,33740.0
2024-11-05,104551.0,50433.0,9279.0,85430.0,34770.0
2024-11-06,104727.0,50949.0,9296.0,86111.0,34671.0
2024-11-07,105624.0,52246.0,9360.0,85512.0,34965.0
2024-11-08,105583.0,53340.0,9412.0,82963.0,35325.0
2024-11-11,105373.0,52508.0,9400.0,83184.0,34685.0
2024-11-12,104271.0,53958.0,9318.0,84949.0,35020.0
2024-11-13,104943.0,53518.0,9679.0,83080.0,34166.0
2024-11-14,103741.0,54436.0,9607.0,84136.0,33797.0
2024-11-15,104754.0,54512.0,9502.0,84710.0,34471.0
2024-11-18,106401.0,54170.0,9575.0,85969.0,34707.0
2024-11-19,106991.0,52641.0,9619.0,87449.0,34531.0
2024-11-20,106606.0,52513.0,9395.0,86346.0,34824.0
2024-11-21,107328.0,51234.0,9579.0,83775.0,34800.0
2024-11-22,106908.0,52049.0,9567.0,82972.0,34822.0
2024-11-25,108361.0,53343.0,9390.0,84428.0,35250.0
2024-11-26,105660.0,52683.0,9585.0,83605.0,34806.0
2024-11-27,105207.0,52954.0,9690.0,82551.0,34845.0
2024-11-28,102356.0,52359.0,9487.0,79783.0,34663.0
2024-11-29,100276.0,51851.0,9781.0,82525.0,33702.0
2024-12-02,102250.0,52513.0,9894.0,83872.0,33161.0
2024-12-03,103581.0,52496.0,9896.0,85151.0,34124.0
2024-12-04,102584.0,53994.0,10170.0,86774.0,34375.0
2024-12-05,100489.0,53595.0,10200.0,87774.0,33579.0
2024-12-06,96442.0,54476.0,10199.0,87411.0,32674.0
2024-12-09,95749.0,54577.0,10088.0,87183.0,32621.0
2024-12-10,99089.0,55293.0,10191.0,86521.0,33564.0
2024-12-11,99734.0,54915.0,10277.0,91008.0,33465.0
2024-12-12,98995.0,54888.0,10283.0,92021.0,34275.0
2024-12-13,99682.0,54803.0,10149.0,91259.0,34507.0
2024-12-16,97566.0,54091.0,10174.0,92116.0,34815.0
2024-12-17,97200.0,54684.0,10165.0,90408.0,34001.0
2024-12-18,97374.0,55272.0,9940.0,93077.0,34594.0
2024-12-19,97296.0,55816.0,9697.0,91961.0,34400.0
2024-12-20,98418.0,57223.0,9794.0,92887.0,34952.0
2024-12-23,98934.0,58583.0,9373.0,94835.0,34457.0
2024-12-24,99904.0,58250.0,9409.0,95579.0,34581.0
2024-12-25,98985.0,58617.0,9335.0,95798.0,34815.0
2024-12-26,100277.0,58052.0,9548.0,95866.0,34732.0
2024-12-27,102632.0,58091.0,9471.0,95811.0,35000.0
2024-12-30,101288.0,57554.0,9581.0,94814.0,34847.0
2024-12-31,100077.0,59083.0,9519.0,94055.0,34456.0
2025-01-01,102007.0,59445.0,9541.0,96785.0,35480.0
2025-01-02,101774.0,59256.0,9664.0,96634.0,36171.0
2025-01-03,103836.0,60417.0,9591.0,95249.0,35693.0
2025-01-06,103236.0,58372.0,9758.0,94367.0,36075.0
2025-01-07,105403.0,56538.0,9597.0,96409.0,35610.0
2025-01-08,105639.0,57280.0,9648.0,97703.0,34873.0
2025-01-09,106064.0,57352.0,9804.0,98798.0,35542.0
2025-01-10,108456.0,57600.0,9917.0,98365.0,34482.0
2025-01-13,107952.0,56407.0,10249.0,99492.0,35076.0
2025-01-14,106581.0,56403.0,10120.0,98332.0,34931.0
2025-01-15,105957.0,58258.0,9888.0,97897.0,34812.0
2025-01-16,106672.0,59049.0,9725.0,99768.0,35084.0
2025-01-17,104401.0,59227.0,9838.0,101490.0,35467.0
2025-01-20,105379.0,58830.0,9925.0,99664.0,34957.0
2025-01-21,104629.0,58478.0,9945.0,98106.0,35426.0
2025-01-22,106367.0,56536.0,9760.0,98358.0,35513.0
2025-01-23,102901.0,56787.0,9891.0,101688.0,34733.0
2025-01-24,101815.0,57577.0,9690.0,98102.0,34640.0
2025-01-27,99479.0,56161.0,9886.0,98672.0,35527.0
2025-01-28,98375.0,55586.0,10381.0,96174.0,36630.0
2025-01-29,98756.0,54583.0,10449.0,95069.0,37121.0
2025-01-30,98548.0,53762.0,10556.0,94460.0,36348.0
2025-01-31,98238.0,53824.0,10471.0,93755.0,36685.0
2025-02-03,98059.0,52075.0,10157.0,92856.0,37266.0
2025-02-04,98378.0,52605.0,10056.0,92915.0,37772.0
2025-02-05,97037.0,53259.0,9874.0,92021.0,38324.0
2025-02-06,98041.0,53061.0,9637.0,89544.0,38591.0
2025-02-07,98995.0,51012.0,9927.0,90926.0,38556.0
2025-02-10,99570.0,50220.0,9976.0,92282.0,38152.0
2025-02-11,100389.0,51236.0,10043.0,93819.0,36885.0
2025-02-12,100846.0,49023.0,9994.0,91158.0,37126.0
2025-02-13,103802.0,48766.0,9967.0,91723.0,37266.0
2025-02-14,103717.0,47868.0,10135.0,92955.0,37657.0
2025-02-17,103314.0,48503.0,10133.0,91197.0,36775.0
2025-02-18,102270.0,47996.0,10228.0,91259.0,37220.0
2025-02-19,100843.0,48322.0,10197.0,91103.0,38637.0
2025-02-20,99141.0,48776.0,10140.0,94395.0,38708.0
2025-02-21,97955.0,50245.0,9904.0,97960.0,38680.0
2025-02-24,97897.0,50097.0,9579.0,94958.0,38911.0
2025-02-25,98395.0,50415.0,9540.0,99616.0,40377.0
2025-02-26,98505.0,49246.0,9552.0,97947.0,39656.0
2025-02-27,97494.0,50208.0,9348.0,99839.0,39817.0
2025-02-28,98770.0,49615.0,9345.0,101748.0,39264.0
2025-03-03,99838.0,49187.0,9357.0,99891.0,38895.0
2025-03-04,99655.0,49184.0,9022.0,100882.0,38876.0
2025-03-05,98787.0,47984.0,8886.0,100727.0,39846.0
2025-03-06,99589.0,48174.0,8950.0,101844.0,41175.0
2025-03-07,99891.0,48941.0,9012.0,102343.0,41525.0
2025-03-10,97925.0,49185.0,8840.0,104748.0,41261.0
2025-03-11,97871.0,47965.0,8866.0,104951.0,43172.0
2025-03-12,98270.0,47884.0,9024.0,104669.0,42858.0
2025-03-13,97079.0,48471.0,9147.0,106925.0,42437.0
2025-03-14,97377.0,47050.0,9135.0,108165.0,41119.0
2025-03-17,95451.0,46262.0,9065.0,109734.0,42182.0
2025-03-18,97293.0,46929.0,8972.0,108411.0,42941.0
2025-03-19,99047.0,47147.0,9046.0,106333.0,44869.0
2025-03-20,98737.0,47473.0,9079.0,105244.0,43778.0
2025-03-21,99281.0,48921.0,9179.0,104062.0,44960.0
2025-03-24,96025.0,49304.0,9203.0,105681.0,45035.0
2025-03-25,94521.0,49841.0,9334.0,107713.0,45712.0
2025-03-26,94171.0,52066.0,9352.0,107450.0,44394.0
2025-03-27,92805.0,51903.0,9481.0,110466.0,45601.0
2025-03-28,93775.0,51260.0,9625.0,113433.0,46269.0
2025-03-31,96473.0,51628.0,9497.0,114016.0,46255.0
2025-04-01,94935.0,52007.0,9212.0,112305.0,46814.0
2025-04-02,93866.0,51586.0,9460.0,115775.0,46192.0
2025-04-03,94213.0,50756.0,9504.0,115699.0,45731.0
2025-04-04,96401.0,52683.0,9234.0,116035.0,45369.0
2025-04-07,94803.0,52975.0,9125.0,115346.0,43899.0
2025-04-08,95172.0,52374.0,9249.0,113469.0,44603.0
2025-04-09,97669.0,53163.0,9208.0,110402.0,45588.0
2025-04-10,95475.0,53086.0,9130.0,111793.0,45034.0
2025-04-11,93815.0,52888.0,9353.0,110197.0,45336.0
2025-04-14,93298.0,53382.0,9191.0,116851.0,45138.0
2025-04-15,92658.0,52305.0,9070.0,114522.0,45423.0
2025-04-16,93755.0,52617.0,9105.0,111874.0,44931.0
2025-04-17,94111.0,54269.0,9169.0,113020.0,44240.0
2025-04-18,91837.0,54691.0,9249.0,116410.0,45104.0
2025-04-21,92540.0,54380.0,9396.0,116612.0,45070.0
2025-04-22,91831.0,53956.0,9431.0,117945.0,46759.0
2025-04-23,93522.0,53619.0,9513.0,113943.0,46817.0
2025-04-24,92741.0,53418.0,9474.0,112542.0,46061.0
2025-04-25,91955.0,53112.0,9487.0,110324.0,47109.0
2025-04-28,92691.0,53912.0,9507.0,106476.0,47666.0
2025-04-29,93724.0,52454.0,9544.0,106766.0,48313.0
2025-04-30,94351.0,53198.0,9674.0,102363.0,49379.0
2025-05-01,92188.0,52892.0,9768.0,99874.0,48822.0
2025-05-02,92922.0,53228.0,9778.0,98909.0,48730.0
2025-05-05,91623.0,52292.0,9648.0,97408.0,48599.0
2025-05-06,91962.0,53432.0,9662.0,98193.0,47502.0
2025-05-07,90183.0,54524.0,9660.0,98814.0,47296.0
2025-05-08,90784.0,55384.0,9695.0,100557.0,48467.0
2025-05-09,89801.0,54074.0,10068.0,102056.0,48694.0
2025-05-12,88238.0,54812.0,9982.0,104344.0,47547.0
2025-05-13,89160.0,55185.0,10057.0,104393.0,46253.0
2025-05-14,89498.0,53802.0,10244.0,105049.0,47679.0
2025-05-15,88767.0,53797.0,10265.0,106128.0,47620.0
2025-05-16,90626.0,54128.0,10684.0,106467.0,47087.0
2025-05-19,90104.0,54628.0,10619.0,105719.0,46874.0
2025-05-20,90181.0,54800.0,10681.0,105106.0,45663.0
2025-05-21,90557.0,55072.0,10540.0,103538.0,46866.0
2025-05-22,89811.0,56403.0,10480.0,104423.0,46554.0
2025-05-23,90441.0,57538.0,10528.0,104289.0,47734.0
2025-05-26,89804.0,54974.0,10683.0,103034.0,47797.0
2025-05-27,89324.0,54712.0,10745.0,101797.0,49063.0
2025-05-28,91081.0,54585.0,10980.0,99532.0,49309.0
2025-05-29,89800.0,53092.0,10966.0,101451.0,50093.0
2025-05-30,86852.0,53188.0,10908.0,101654.0,50766.0
2025-06-02,88868.0,54277.0,11424.0,100051.0,51359.0
2025-06-03,92134.0,53358.0,11504.0,101651.0,51702.0
2025-06-04,91649.0,53662.0,11368.0,100624.0,51507.0
2025-06-05,89233.0,52897.0,11238.0,98020.0,53335.0
2025-06-06,88882.0,52347.0,11063.0,99990.0,52492.0
2025-06-09,88562.0,53616.0,11243.0,99025.0,52517.0
2025-06-10,88362.0,53168.0,11177.0,98307.0,52552.0
2025-06-11,87030.0,53579.0,11205.0,98434.0,52955.0
2025-06-12,87774.0,52014.0,11196.0,100644.0,52569.0
2025-06-13,88457.0,53603.0,11340.0,100733.0,52889.0
2025-06-16,86660.0,54139.0,11181.0,98513.0,52749.0
2025-06-17,87547.0,53997.0,10982.0,99586.0,51289.0
2025-06-18,90136.0,54513.0,11027.0,98722.0,51318.0
2025-06-19,90389.0,53313.0,11144.0,102379.0,50332.0
2025-06-20,89999.0,54348.0,11210.0,102428.0,48804.0
2025-06-23,89856.0,54083.0,11060.0,98218.0,48944.0
2025-06-24,90670.0,53923.0,11192.0,98937.0,49396.0
2025-06-25,88535.0,53517.0,11054.0,102712.0,49886.0
2025-06-26,88774.0,53038.0,10960.0,105887.0,50418.0
2025-06-27,88326.0,53647.0,10789.0,109690.0,48714.0
2025-06-30,90677.0,53883.0,11033.0,107639.0,47554.0
2025-07-01,90492.0,54464.0,11156.0,109576.0,49293.0
2025-07-02,92667.0,54473.0,11275.0,108137.0,48392.0
2025-07-03,91283.0,54938.0,11520.0,108653.0,48947.0
2025-07-04,92073.0,54588.0,12088.0,106110.0,48365.0
2025-07-07,92523.0,56587.0,11745.0,104871.0,48453.0
2025-07-08,91440.0,55202.0,11602.0,103584.0,47923.0
2025-07-09,91705.0,56344.0,11485.0,105420.0,48430.0
2025-07-10,93312.0,57608.0,11323.0,107089.0,48568.0
2025-07-11,92927.0,56845.0,11121.0,107708.0,48197.0
2025-07-14,90788.0,58927.0,11068.0,105032.0,47314.0
2025-07-15,90802.0,59891.0,10845.0,104464.0,47561.0
2025-07-16,89698.0,60847.0,10910.0,103045.0,46553.0
2025-07-17,89305.0,60892.0,10923.0,104815.0,46931.0
2025-07-18,89238.0,60699.0,11016.0,107241.0,49223.0
2025-07-21,87168.0,60514.0,11114.0,109470.0,50454.0
2025-07-22,85252.0,60912.0,11232.0,107964.0,51131.0
2025-07-23,85864.0,62312.0,11165.0,102540.0,51073.0
2025-07-24,85272.0,62511.0,11578.0,99204.0,49341.0
2025-07-25,82297.0,61625.0,11628.0,101971.0,48200.0
2025-07-28,83240.0,62462.0,11269.0,101247.0,49346.0
2025-07-29,83591.0,63408.0,11082.0,99863.0,48669.0
2025-07-30,82793.0,64095.0,10762.0,103081.0,48079.0
2025-07-31,81313.0,64884.0,10768.0,105641.0,47955.0
2025-08-01,82303.0,64623.0,10749.0,105743.0,47066.0
2025-08-04,82740.0,63688.0,10667.0,105208.0,46056.0
2025-08-05,85580.0,62828.0,11041.0,104997.0,46033.0
2025-08-06,86120.0,61224.0,11148.0,105504.0,45318.0
2025-08-07,86623.0,61475.0,11290.0,108815.0,44736.0
2025-08-08,86456.0,61411.0,11116.0,109746.0,44129.0
2025-08-11,87485.0,60999.0,10932.0,111326.0,44563.0
2025-08-12,88289.0,58199.0,10942.0,113884.0,44395.0
2025-08-13,89886.0,57066.0,10978.0,111437.0,44271.0
2025-08-14,89268.0,58116.0,10640.0,113103.0,44767.0
2025-08-15,88761.0,57519.0,10611.0,112528.0,44670.0
2025-08-18,88203.0,57869.0,10616.0,107329.0,44465.0
2025-08-19,89220.0,56612.0,10581.0,103127.0,44861.0
2025-08-20,91148.0,57948.0,10439.0,101202.0,45422.0
2025-08-21,90601.0,57832.0,10346.0,102280.0,45320.0
2025-08-22,90100.0,58118.0,10318.0,102553.0,45404.0
2025-08-25,90533.0,60340.0,10337.0,102964.0,44787.0
2025-08-26,90258.0,61841.0,10447.0,106906.0,44117.0
2025-08-27,91506.0,61556.0,10644.0,104411.0,44749.0
2025-08-28,88702.0,60993.0,10594.0,104409.0,45127.0
2025-08-29,87716.0,60695.0,10516.0,105067.0,45517.0
2025-09-01,86795.0,61210.0,10597.0,103659.0,45766.0
2025-09-02,84054.0,61125.0,10711.0,103767.0,45822.0
2025-09-03,82961.0,60758.0,10636.0,100710.0,46419.0
2025-09-04,81938.0,62220.0,10783.0,103496.0,47226.0
2025-09-05,81740.0,62125.0,10967.0,102216.0,48026.0
2025-09-08,83057.0,64473.0,11214.0,106291.0,47958.0
2025-09-09,82806.0,64586.0,11562.0,106279.0,49190.0
2025-09-10,81652.0,66477.0,11396.0,108429.0,49413.0
2025-09-11,81619.0,66879.0,11402.0,108374.0,49998.0
2025-09-12,82860.0,67937.0,11408.0,108364.0,50273.0
2025-09-15,81769.0,67174.0,11392.0,107222.0,50517.0
2025-09-16,80765.0,66283.0,11271.0,107519.0,49872.0
2025-09-17,81432.0,66792.0,10993.0,108225.0,50526.0
2025-09-18,81212.0,67878.0,11013.0,106677.0,53203.0
2025-09-19,81984.0,67942.0,10874.0,106477.0,52866.0
2025-09-22,82001.0,66578.0,10893.0,105303.0,52955.0
2025-09-23,82844.0,65164.0,10750.0,110061.0,52552.0
2025-09-24,81685.0,63712.0,10554.0,109928.0,52113.0
2025-09-25,81704.0,61954.0,10599.0,113260.0,53604.0
2025-09-26,81496.0,62081.0,10630.0,112896.0,52980.0
2025-09-29,80152.0,63227.0,10738.0,113511.0,52551.0
2025-09-30,78448.0,63233.0,11148.0,110752.0,51091.0
2025-10-01,79237.0,61005.0,11204.0,109870.0,50419.0
2025-10-02,78880.0,60837.0,11300.0,110365.0,48911.0
2025-10-03,77790.0,60697.0,11099.0,113799.0,49491.0
2025-10-06,77717.0,62786.0,10862.0,114337.0,52069.0
2025-10-07,78985.0,61358.0,11161.0,117441.0,51748.0
2025-10-08,76534.0,60994.0,10991.0,118939.0,50238.0
2025-10-09,74977.0,62700.0,10801.0,122736.0,51079.0
2025-10-10,74044.0,63172.0,10797.0,122660.0,50435.0
2025-10-13,75604.0,63763.0,10783.0,128423.0,51650.0
2025-10-14,75934.0,63899.0,10622.0,127307.0,51409.0
2025-10-15,76785.0,64257.0,10571.0,125530.0,50848.0
2025-10-16,75599.0,65081.0,10797.0,122738.0,50705.0
2025-10-17,74454.0,64263.0,10653.0,128360.0,51422.0
2025-10-20,74952.0,65192.0,10407.0,130440.0,51233.0
2025-10-21,75043.0,63794.0,10578.0,129679.0,50797.0
2025-10-22,75652.0,64149.0,10670.0,132860.0,50636.0
2025-10-23,75484.0,64352.0,10562.0,134674.0,49509.0
2025-10-24,75808.0,63740.0,10284.0,139870.0,49884.0
2025-10-27,76007.0,63736.0,10158.0,135885.0,48325.0
2025-10-28,76870.0,63123.0,10152.0,135269.0,47959.0
2025-10-29,77774.0,62069.0,10358.0,134152.0,48639.0
2025-10-30,76061.0,61737.0,10180.0,129279.0,48924.0
2025-10-31,73734.0,60674.0,10169.0,131976.0,49467.0
2025-11-03,74806.0,61007.0,10289.0,131366.0,49429.0
2025-11-04,76090.0,59913.0,9884.0,133291.0,50501.0
2025-11-05,75041.0,60617.0,10062.0,139473.0,51369.0
2025-11-06,73142.0,59500.0,9865.0,138610.0,51804.0
2025-11-07,73272.0,58981.0,9924.0,137574.0,52697.0
2025-11-10,74263.0,58412.0,9968.0,137953.0,53435.0
2025-11-11,76186.0,59681.0,10157.0,140636.0,53035.0
2025-11-12,76770.0,60016.0,10255.0,139199.0,51788.0
2025-11-13,76402.0,59831.0,9852.0,137609.0,52203.0
2025-11-14,75483.0,60328.0,9725.0,140471.0,52739.0
2025-11-17,75525.0,58346.0,9750.0,141556.0,53806.0
2025-11-18,75239.0,58323.0,9721.0,136230.0,52928.0
2025-11-19,74207.0,60235.0,9803.0,133162.0,52092.0
2025-11-20,76397.0,60381.0,9939.0,137083.0,52546.0
2025-11-21,78362.0,60465.0,10045.0,138203.0,52500.0
2025-11-24,79650.0,61015.0,10011.0,136284.0,50768.0
